iteracao,acc_prequencial
67,0.9552238805970148
133,0.9548872180451128
199,0.9547738693467334
265,0.943396226415094
331,0.9516616314199399
397,0.9571788413098239
463,0.9632829373650112
529,0.9659735349716447
595,0.9697478991596638
661,0.9712556732223905
727,0.972489683631362
793,0.9722572509457762
859,0.973224679860303
925,0.9729729729729734
991,0.9727547931382446
1057,0.9659413434247875
1123,0.9661620658949244
1189,0.9663582842724983
1255,0.9665338645418329
1321,0.968205904617714
1387,0.9697188175919251
1453,0.9704060564349628
1519,0.9703752468729433
1585,0.9709779179810735
1651,0.970321017565113
1717,0.9708794408852657
1783,0.9708356702187327
1849,0.9707950243374799
1915,0.9707571801566582
1981,0.970721857647653
